query	reference	scores	matches	category	molname	class	superclass	subclass	n_atoms	n_bonds	inchikey	smiles	has_halogen	Cl	Br	F	S	P	Si	rotatable_bonds	stereo_centers	molecular_complexity	molecular_flexibility	composition
Bumetrizole	Bumetrizole	0.2661240207598365	22	very_poor	Bumetrizole	Azoles	Organoheterocyclic compounds	Triazoles	40	42	OCWYEMOEOGEQAN-UHFFFAOYSA-N	CC1=CC(=C(O)C(=C1)N1N=C2C=CC(Cl)=CC2=N1)C(C)(C)C	True	True	False	False	False	False	False	2	0	0.83726	0.40044	C,Cl,H,N,O
Triclosan	Triclosan	0.2430807078046091	12	very_poor	Triclosan	Benzene and substituted derivatives	Benzenoids	Diphenylethers	24	25	XEFQLINVKFYRCS-UHFFFAOYSA-N	OC1=C(OC2=CC=C(Cl)C=C2Cl)C=CC(Cl)=C1	True	True	False	False	False	False	False	2	0	0.68976	0.46139	C,Cl,H,O
2,4-Di-tert-butyl-6-(5-chloro-2H-benzotriazol-2-yl)phenol	2,4-Di-tert-butyl-6-(5-chloro-2H-benzotriazol-2-yl)phenol	0.336653277349482	25	very_poor	2,4-Di-tert-butyl-6-(5-chloro-2H-benzotriazol-2-yl)phenol	Azoles	Organoheterocyclic compounds	Triazoles	49	51	UWSMKYBKUPAEJQ-UHFFFAOYSA-N	CC(C)(C)C1=CC(N2N=C3C=CC(Cl)=CC3=N2)=C(O)C(=C1)C(C)(C)C	True	True	False	False	False	False	False	3	0	0.84708	0.42716	C,Cl,H,N,O
beta-Hexachlorocyclohexane	beta-Hexachlorocyclohexane	0.0920618043501743	33	very_poor	beta-Hexachlorocyclohexane	Alkyl halides	Organohalogen compounds	Cyclohexyl halides	18	18	JLYXXMFPNIAWKQ-CDRYSYESSA-N	Cl[C@H]1[C@H](Cl)[C@@H](Cl)[C@H](Cl)[C@@H](Cl)[C@@H]1Cl	True	True	False	False	False	False	False	0	0	0.71045	0.38657	C,Cl,H
alpha-1,2,3,4,5,6-Hexachlorocyclohexane	alpha-1,2,3,4,5,6-Hexachlorocyclohexane	0.1492740054200533	39	very_poor	alpha-1,2,3,4,5,6-Hexachlorocyclohexane	Alkyl halides	Organohalogen compounds	Cyclohexyl halides	18	18	JLYXXMFPNIAWKQ-SHFUYGGZSA-N	Cl[C@H]1[C@H](Cl)[C@@H](Cl)[C@H](Cl)[C@H](Cl)[C@H]1Cl	True	True	False	False	False	False	False	0	0	0.75181	0.38657	C,Cl,H
Lindane	Lindane	0.0871922665013543	32	very_poor	Lindane	Alkyl halides	Organohalogen compounds	Cyclohexyl halides	18	18	JLYXXMFPNIAWKQ-GNIYUCBRSA-N	Cl[C@H]1[C@H](Cl)[C@@H](Cl)[C@@H](Cl)[C@H](Cl)[C@H]1Cl	True	True	False	False	False	False	False	0	0	0.74997	0.38657	C,Cl,H
delta-Hexachlorocyclohexane	delta-Hexachlorocyclohexane	0.1129840586456127	39	very_poor	delta-Hexachlorocyclohexane	Alkyl halides	Organohalogen compounds	Cyclohexyl halides	18	18	JLYXXMFPNIAWKQ-GPIVLXJGSA-N	Cl[C@H]1[C@H](Cl)[C@@H](Cl)[C@H](Cl)[C@H](Cl)[C@@H]1Cl	True	True	False	False	False	False	False	0	0	0.73647	0.38657	C,Cl,H
epsilon-Hexachlorocyclohexane	epsilon-Hexachlorocyclohexane	0.1306732357027965	38	very_poor	epsilon-Hexachlorocyclohexane	Alkyl halides	Organohalogen compounds	Cyclohexyl halides	18	18	JLYXXMFPNIAWKQ-DCLYFUHFSA-N	Cl[C@H]1[C@@H](Cl)[C@@H](Cl)[C@H](Cl)[C@H](Cl)[C@@H]1Cl	True	True	False	False	False	False	False	0	0	0.74811	0.38657	C,Cl,H
cis-Resmethrin	cis-Resmethrin	0.2703564653208669	28	very_poor	cis-Resmethrin	Prenol lipids	Lipids and lipid-like molecules	Monoterpenoids	51	53	VEMKTZHHVJILDY-WOJBJXKFSA-N	CC(=C[C@@H]1[C@@H](C1(C)C)C(=O)OCC2=COC(=C2)CC3=CC=CC=C3)C	False	False	False	False	False	False	False	7	2	0.74499	0.4242	C,H,O
trans-Resmethrin	trans-Resmethrin	0.3293851132300376	34	very_poor	trans-Resmethrin	Prenol lipids	Lipids and lipid-like molecules	Monoterpenoids	51	53	VEMKTZHHVJILDY-VQTJNVASSA-N	CC(C)=C[C@H]1[C@H](C(=O)OCC2=COC(CC3=CC=CC=C3)=C2)C1(C)C	False	False	False	False	False	False	False	7	2	0.74499	0.42286	C,H,O
cis-Tetramethrin	cis-Tetramethrin	0.3864889713591263	17	very_poor	cis-Tetramethrin	Isoindoles and derivatives	Organoheterocyclic compounds	Isoindolines	49	51	CXBMCYHAMVGWJQ-HUUCEWRRSA-N	CC(C)=C[C@@H]1[C@H](C(=O)OCN2C(=O)C3=C(CCCC3)C2=O)C1(C)C	False	False	False	False	False	False	False	5	2	0.84127	0.42205	C,H,N,O
Fenpropathrin	Fenpropathrin	0.2405311943739384	24	very_poor	Fenpropathrin	Benzene and substituted derivatives	Benzenoids	Diphenylethers	49	51	XQUXKZZNEFRCAW-UHFFFAOYSA-N	CC1(C)C(C(=O)OC(C#N)C2=CC=CC(OC3=CC=CC=C3)=C2)C1(C)C	False	False	False	False	False	False	False	6	1	0.7268	0.51191	C,H,N,O
trans-Phenothrin	trans-Phenothrin	0.2928624691877459	22	very_poor	trans-Phenothrin	Fatty Acyls	Lipids and lipid-like molecules	Fatty acid esters	52	54	SBNFWQZLDJGRLK-UHFFFAOYSA-N	CC(C)=CC1C(C(=O)OCC2=CC=CC(OC3=CC=CC=C3)=C2)C1(C)C	False	False	False	False	False	False	False	7	2	0.73864	0.55486	C,H,O
trans-Cyphenothrin	trans-Cyphenothrin	0.1506790944726695	13	very_poor	trans-Cyphenothrin	Fatty Acyls	Lipids and lipid-like molecules	Fatty acid esters	53	55	FJDPATXIBIBRIM-QFMSAKRMSA-N	CC(=C[C@@H]1[C@H](C1(C)C)C(=O)OC(C#N)C2=CC(=CC=C2)OC3=CC=CC=C3)C	False	False	False	False	False	False	False	7	3	0.77562	0.45596	C,H,N,O
Flucythrinate	Flucythrinate_isomer1	0.3105036630467179	32	very_poor	Flucythrinate	Fatty Acyls	Lipids and lipid-like molecules	Fatty acid esters	56	58	GBIHOLCMZGAKNG-UHFFFAOYSA-N	CC(C)C(C1=CC=C(C=C1)OC(F)F)C(=O)OC(C#N)C2=CC(=CC=C2)OC3=CC=CC=C3	True	False	False	True	False	False	False	10	2	0.79048	0.54523	C,F,H,N,O
cis-Fenvalerate	cis-Fenvalerate	0.2659396427036337	30	very_poor	cis-Fenvalerate	Fatty Acyls	Lipids and lipid-like molecules	Fatty acid esters	52	54	NYPJDWWKZLNGGM-RPWUZVMVSA-N	CC(C)[C@H](C(=O)O[C@H](C#N)C1=CC=CC(OC2=CC=CC=C2)=C1)C1=CC=C(Cl)C=C1	True	True	False	False	False	False	False	8	2	0.78115	0.51096	C,Cl,H,N,O
trans-Fenvalerate	trans-Fenvalerate	0.3057763310800772	24	very_poor	trans-Fenvalerate	Fatty Acyls	Lipids and lipid-like molecules	Fatty acid esters	52	54	NYPJDWWKZLNGGM-UHFFFAOYSA-N	CC(C)C(C(=O)OC(C#N)C1=CC=CC(OC2=CC=CC=C2)=C1)C1=CC=C(Cl)C=C1	True	True	False	False	False	False	False	8	2	0.78115	0.52646	C,Cl,H,N,O
Deltamethrin	Deltamethrin	0.2405770434243623	18	very_poor	Deltamethrin	Fatty Acyls	Lipids and lipid-like molecules	Fatty acid esters	47	49	OWZREIFADZCYQD-NSHGMRRFSA-N	CC1(C)[C@@H](C=C(Br)Br)[C@H]1C(=O)O[C@H](C#N)C1=CC=CC(OC2=CC=CC=C2)=C1	True	False	True	False	False	False	False	7	3	0.79105	0.4443	Br,C,H,N,O
Chlorpyrifos oxon	Chlorpyrifos oxon	0.0251066637617505	14	very_poor	Chlorpyrifos oxon	Pyridines and derivatives	Organoheterocyclic compounds	Halopyridines	29	29	OTMOUPHCTWPNSL-UHFFFAOYSA-N	CCOP(=O)(OCC)OC1=NC(Cl)=C(Cl)C=C1Cl	True	True	False	False	False	True	False	6	0	0.71389	0.67387	C,Cl,H,N,O,P
lambda-Cyhalothrin	lambda-Cyhalothrin	0.1858098549762118	21	very_poor	lambda-Cyhalothrin	Fatty Acyls	Lipids and lipid-like molecules	Fatty acid esters	50	52	ZXQYGBMAQZUVMI-GCMPRSNUSA-N	CC1(C)[C@@H](\C=C(/Cl)C(F)(F)F)[C@H]1C(=O)O[C@H](C#N)C1=CC=CC(OC2=CC=CC=C2)=C1	True	True	False	True	False	False	False	8	3	0.79871	0.43701	C,Cl,F,H,N,O
Transfluthrin	Transfluthrin	0.3200994230729063	20	very_poor	Transfluthrin	Benzene and substituted derivatives	Benzenoids	Benzyloxycarbonyls	35	36	DDVNRFNDOPPVQJ-HQJQHLMTSA-N	CC1(C)[C@H](C=C(Cl)Cl)[C@H]1C(=O)OCC1=C(F)C(F)=CC(F)=C1F	True	True	False	True	False	False	False	5	2	0.76856	0.36534	C,Cl,F,H,O
cis-Cypermethrin	cis-Cypermethrin_isomer2	0.3259672417594326	25	very_poor	cis-Cypermethrin	Fatty Acyls	Lipids and lipid-like molecules	Fatty acid esters	47	49	KAATUXNTWXVJKI-NSHGMRRFSA-N	CC1(C)[C@@H](C=C(Cl)Cl)[C@H]1C(=O)O[C@H](C#N)C1=CC=CC(OC2=CC=CC=C2)=C1	True	True	False	False	False	False	False	7	3	0.79105	0.4443	C,Cl,H,N,O
trans-Cypermethrin	trans-Cypermethrin_isomer1	0.283296054453188	24	very_poor	trans-Cypermethrin	Fatty Acyls	Lipids and lipid-like molecules	Fatty acid esters	47	49	KAATUXNTWXVJKI-UHFFFAOYSA-N	CC1(C)C(C=C(Cl)Cl)C1C(=O)OC(C#N)C1=CC=CC(OC2=CC=CC=C2)=C1	True	True	False	False	False	False	False	7	3	0.78821	0.52249	C,Cl,H,N,O
cis-Cyfluthrin_isomer1	cis-Cyfluthrin_isomer1	0.2172646033585082	21	very_poor	cis-Cyfluthrin_isomer1	Fatty Acyls	Lipids and lipid-like molecules	Fatty acid esters	47	49	QQODLKZGRKWIFG-QSFXBCCZSA-N	CC1(C)[C@@H](C=C(Cl)Cl)[C@H]1C(=O)O[C@@H](C#N)C1=CC=C(F)C(OC2=CC=CC=C2)=C1	True	True	False	True	False	False	False	7	3	0.80998	0.43215	C,Cl,F,H,N,O
trans-Cyfluthrin_isomer1	trans-Cyfluthrin_isomer1	0.2871865900374318	27	very_poor	trans-Cyfluthrin_isomer1	Fatty Acyls	Lipids and lipid-like molecules	Fatty acid esters	47	49	QQODLKZGRKWIFG-ZAAXVRCTSA-N	CC1(C)[C@@H](C=C(Cl)Cl)[C@@H]1C(=O)O[C@@H](C#N)C1=CC=C(F)C(OC2=CC=CC=C2)=C1	True	True	False	True	False	False	False	7	3	0.80998	0.43305	C,Cl,F,H,N,O
cis-Cyfluthrin_isomer2	cis-Cyfluthrin_isomer2	0.2232230280840552	11	very_poor	cis-Cyfluthrin_isomer2	Fatty Acyls	Lipids and lipid-like molecules	Fatty acid esters	47	49	QQODLKZGRKWIFG-CVAIRZPRSA-N	CC1([C@H]([C@H]1C(=O)O[C@H](C#N)C2=CC(=C(C=C2)F)OC3=CC=CC=C3)C=C(Cl)Cl)C	True	True	False	True	False	False	False	7	3	0.80998	0.42636	C,Cl,F,H,N,O
trans-Cyfluthrin_Isomer2	trans-Cyfluthrin_Isomer2	0.102453967851535	13	very_poor	trans-Cyfluthrin_Isomer2	Fatty Acyls	Lipids and lipid-like molecules	Fatty acid esters	47	49	QQODLKZGRKWIFG-UHFFFAOYSA-N	CC1(C)C(C=C(Cl)Cl)C1C(=O)OC(C#N)C1=CC=C(F)C(OC2=CC=CC=C2)=C1	True	True	False	True	False	False	False	7	3	0.8075	0.50257	C,Cl,F,H,N,O
Allyl 2,4,6-tribromophenyl ether	Allyl 2,4,6-tribromophenyl ether	0.3867938222244068	23	very_poor	Allyl 2,4,6-tribromophenyl ether	Phenol ethers	Benzenoids		20	20	RZLLIOPGUFOWOD-UHFFFAOYSA-N	BrC1=CC(Br)=C(OCC=C)C(Br)=C1	True	False	True	False	False	False	False	3	0	0.68239	0.4673	Br,C,H,O
2-Bromoallyl(2,4,6-tribromophenyl) ether	2-Bromoallyl(2,4,6-tribromophenyl) ether	0.3113712576873396	39	very_poor	2-Bromoallyl(2,4,6-tribromophenyl) ether	Phenol ethers	Benzenoids		20	20	RLPZXGWCSHFKJI-UHFFFAOYSA-N	BrC(=C)COC1=C(Br)C=C(Br)C=C1Br	True	False	True	False	False	False	False	3	0	0.63634	0.47649	Br,C,H,O
2,3,4,5,6-Pentabromobenzyl alcohol	2,3,4,5,6-Pentabromobenzyl alcohol	0.0209826633034757	22	very_poor	2,3,4,5,6-Pentabromobenzyl alcohol	Benzene and substituted derivatives	Benzenoids	Benzyl alcohols	16	16	KKWHDMUCBWSKGL-UHFFFAOYSA-N	OCC1=C(Br)C(Br)=C(Br)C(Br)=C1Br	True	False	True	False	False	False	False	1	0	0.73241	0.24228	Br,C,H,O
2-Ethylhexyl 2,3,4,5-Tetrabromobenzoate	2-Ethylhexyl 2,3,4,5-Tetrabromobenzoate	0.2108772055147474	36	very_poor	2-Ethylhexyl 2,3,4,5-Tetrabromobenzoate	Benzene and substituted derivatives	Benzenoids	Benzoic acids and derivatives	39	39	HVDXCGSGEQKWGB-UHFFFAOYSA-N	CCCCC(CC)COC(=O)C1=C(Br)C(Br)=C(Br)C(Br)=C1	True	False	True	False	False	False	False	8	1	0.75255	0.51979	Br,C,H,O
syn-Dechlorane plus	syn-Dechlorane plus	0.0632994012754268	63	very_poor	syn-Dechlorane plus	Vinyl halides	Organohalogen compounds	Vinyl chlorides	42	46	UGQQAJOWXNCOPY-HYXMNYRASA-N	C1C[C@H]2[C@@H](CC[C@H]3[C@@H]1C4(C(=C(C3(C4(Cl)Cl)Cl)Cl)Cl)Cl)C5(C(=C(C2(C5(Cl)Cl)Cl)Cl)Cl)Cl	True	True	False	False	False	False	False	0	8	1.0925	0.12976	C,Cl,H
anti-Dechlorane plus	anti-Dechlorane plus	0.0180134238362696	46	very_poor	anti-Dechlorane plus	Vinyl halides	Organohalogen compounds	Vinyl chlorides	42	46	UGQQAJOWXNCOPY-UHFFFAOYSA-N	ClC1=C(Cl)C2(Cl)C3CCC4C(CCC3C1(Cl)C2(Cl)Cl)C1(Cl)C(Cl)=C(Cl)C4(Cl)C1(Cl)Cl	True	True	False	False	False	False	False	0	8	1.0839	0.15658	C,Cl,H
alpha-1,2-Dibromo-4-(1,2-dibromoethyl)cyclohexane	alpha-1,2-Dibromo-4-(1,2-dibromoethyl)cyclohexane	0.1375214539529271	17	very_poor	alpha-1,2-Dibromo-4-(1,2-dibromoethyl)cyclohexane	Alkyl halides	Organohalogen compounds	Cyclohexyl halides	24	24	PQRRSJBLKOPVJV-UHFFFAOYSA-N	BrCC(Br)C1CCC(Br)C(Br)C1	True	False	True	False	False	False	False	2	4	0.63811	0.59453	Br,C,H
1,2,5,6-Tetrabromocyclooctane	1,2,5,6-Tetrabromocyclooctane	0.2352816651454662	23	very_poor	1,2,5,6-Tetrabromocyclooctane	Organobromides	Organohalogen compounds		24	24	RZLXIANUDLLFHN-UHFFFAOYSA-N	BrC1CCC(Br)C(Br)CCC1Br	True	False	True	False	False	False	False	0	4	0.58275	0.38993	Br,C,H
1,1-Dibromo-2,3,3,4,4,5-hexachloro-2-cyclopenta-2,4-dien-1-ylcyclooctane	1,1-Dibromo-2,3,3,4,4,5-hexachloro-2-cyclopenta-2,4-dien-1-ylcyclooctane	0.0614098548311103	77	very_poor	1,1-Dibromo-2,3,3,4,4,5-hexachloro-2-cyclopenta-2,4-dien-1-ylcyclooctane	Organochlorides	Organohalogen compounds		33	34	OZQOUGTVRWVFRK-UHFFFAOYSA-N	C1CC(C(C(C(C(C1)(Br)Br)(C2C=CC=C2)Cl)(Cl)Cl)(Cl)Cl)Cl	True	True	True	False	False	False	False	1	2	0.89747	0.41905	Br,C,Cl,H
alpha-Amylcinnamaldehyde	alpha-Amylcinnamaldehyde	0.2267305030045717	25	very_poor	alpha-Amylcinnamaldehyde	Cinnamaldehydes	Phenylpropanoids and polyketides		33	33	HMKKIXGYKWDQSV-UHFFFAOYSA-N	CCCCCC(C=O)=CC1=CC=CC=C1	False	False	False	False	False	False	False	6	0	0.49057	0.52889	C,H,O
trans-Cinnamaldehyde	trans-Cinnamaldehyde	0.3749226886258283	11	very_poor	trans-Cinnamaldehyde	Cinnamaldehydes	Phenylpropanoids and polyketides		18	18	KJPRLNWUNMBNBZ-QPJJXVBHSA-N	O=C\C=C\C1=CC=CC=C1	False	False	False	False	False	False	False	2	0	0.49698	0.34148	C,H,O
Citral (Geranial)	Citral (Geranial)	0.1856455507287928	13	very_poor	Citral (Geranial)	Prenol lipids	Lipids and lipid-like molecules	Monoterpenoids	27	26	WTEVQBCEXWBHNA-JXMROGBWSA-N	CC(C)=CCC\C(C)=C\C=O	False	False	False	False	False	False	False	4	0	0.46052	0.63466	C,H,O
alpha-Hexylcinnamaldehyde	alpha-Hexylcinnamaldehyde	0.030155943769211	1	very_poor	alpha-Hexylcinnamaldehyde	Cinnamaldehydes	Phenylpropanoids and polyketides		36	36	GUUHFMWKWLOQMM-NTCAYCPXSA-N	CCCCCC/C(=C\C1=CC=CC=C1)/C=O	False	False	False	False	False	False	False	7	0	0.4995	0.52466	C,H,O
alpha-Amylcinnamyl alcohol	alpha-Amylcinnamyl alcohol	0.1699330715127864	24	very_poor	alpha-Amylcinnamyl alcohol	Cinnamyl alcohols	Phenylpropanoids and polyketides		35	35	LIPHCKNQPJXUQF-KAMYIIQDSA-N	CCCCC/C(=C/C1=CC=CC=C1)/CO	False	False	False	False	False	False	False	6	0	0.49057	0.55446	C,H,O
4-Methoxybenzyl alcohol	4-Methoxybenzyl alcohol	0.3918995363790606	11	very_poor	4-Methoxybenzyl alcohol	Benzene and substituted derivatives	Benzenoids	Benzyl alcohols	20	20	MSHFRERJPWKJFX-UHFFFAOYSA-N	COC1=CC=C(CO)C=C1	False	False	False	False	False	False	False	2	0	0.57807	0.45398	C,H,O
Cinnamyl alcohol	Cinnamyl alcohol	0.240794084748223	21	very_poor	Cinnamyl alcohol	Cinnamyl alcohols	Phenylpropanoids and polyketides		20	20	OOCCDEMITAIZTP-QPJJXVBHSA-N	C1=CC=C(C=C1)/C=C/CO	False	False	False	False	False	False	False	2	0	0.49698	0.46337	C,H,O
Camphor	Camphor	0.3750491402867121	15	very_poor	Camphor	Prenol lipids	Lipids and lipid-like molecules	Monoterpenoids	27	28	DSSYKIVIOFKYAU-UHFFFAOYSA-N	CC1(C)C2CCC1(C)C(=O)C2	False	False	False	False	False	False	False	0	2	0.74432	0.0	C,H,O
Eucalyptol	Eucalyptol	0.3983259689775495	18	very_poor	Eucalyptol	Oxanes	Organoheterocyclic compounds		29	30	WEEGYLXZBRQIMU-UHFFFAOYSA-N	CC12CCC(CC1)C(C)(C)O2	False	False	False	False	False	False	False	0	0	0.62687	0.31643	C,H,O
Limonene	Limonene	0.1294602789688691	17	very_poor	Limonene	Prenol lipids	Lipids and lipid-like molecules	Monoterpenoids	26	26	XMGQYMWWDOXHJM-UHFFFAOYSA-N	CC(=C)C1CCC(C)=CC1	False	False	False	False	False	False	False	1	1	0.61821	0.45034	C,H
Isomethyl-alpha-ionone	Isomethyl-alpha-ionone	0.2805190355284931	27	very_poor	Isomethyl-alpha-ionone	Prenol lipids	Lipids and lipid-like molecules	Sesquiterpenoids	37	37	JRJBVWJSTHECJK-LUAWRHEFSA-N	CC1=CCCC(C1/C=C(/C)\C(=O)C)(C)C	False	False	False	False	False	False	False	2	1	0.66071	0.339	C,H,O
delta-Iraldeine	delta-Iraldeine	0.2259654311226358	23	very_poor	delta-Iraldeine	Prenol lipids	Lipids and lipid-like molecules	Sesquiterpenoids	37	37	NSSHGPBKKVJJMM-PKNBQFBNSA-N	CC1=C(C(CCC1)(C)C)/C=C(\C)/C(=O)C	False	False	False	False	False	False	False	2	0	0.67019	0.45202	C,H,O
Endosulfan	Endosulfan	0.2512322834481074	54	very_poor	Endosulfan	Organic oxoanionic compounds	Organic oxygen compounds	Organic sulfites	25	27	RDYMFSUJUZBWLH-UHFFFAOYSA-N	ClC1=C(Cl)C2(Cl)C3COS(=O)OCC3C1(Cl)C2(Cl)Cl	True	True	False	False	True	False	False	0	4	0.98923	0.23103	C,Cl,H,O,S
Heptachlor	Heptachlor	0.334657484486491	81	very_poor	Heptachlor	Vinyl halides	Organohalogen compounds	Vinyl chlorides	22	24	FRCCEHPWNOQAEU-UHFFFAOYSA-N	ClC1C=CC2C1C1(Cl)C(Cl)=C(Cl)C2(Cl)C1(Cl)Cl	True	True	False	False	False	False	False	0	5	0.99229	0.0	C,Cl,H
Endosulfan sulphate	Endosulfan sulphate	0.3595356922755722	85	very_poor	Endosulfan sulphate	Organic sulfuric acids and derivatives	Organic acids and derivatives	Sulfuric acid esters	26	28	AAPVQEMYVNZIOO-UHFFFAOYSA-N	ClC1=C(Cl)C2(Cl)C3COS(=O)(=O)OCC3C1(Cl)C2(Cl)Cl	True	True	False	False	True	False	False	0	4	0.99174	0.19973	C,Cl,H,O,S
Endrin ketone	Endrin ketone	0.1267197003432928	91	very_poor	Endrin ketone	Prenol lipids	Lipids and lipid-like molecules	Monoterpenoids	27	31	IZHZFAQWVKBTSL-UHFFFAOYSA-N	C1C2C3C4C1C(=O)C2C5(C3(C(C4(C5Cl)Cl)(Cl)Cl)Cl)Cl	True	True	False	False	False	False	False	0	9	1.06	0.0	C,Cl,H,O
Endrin	Endrin	0.1909513067439957	78	very_poor	Endrin	Prenol lipids	Lipids and lipid-like molecules	Monoterpenoids	27	31	DFBKLUNHFCTMDC-UHFFFAOYSA-N	ClC1=C(Cl)C2(Cl)C3C4CC(C5OC45)C3C1(Cl)C2(Cl)Cl	True	True	False	False	False	False	False	0	8	1.0279	0.0	C,Cl,H,O
Tris(4-tert-butylphenyl) phosphate	Tris(4-tert-butylphenyl) phosphate	0.0363539250828587	14	very_poor	Tris(4-tert-butylphenyl) phosphate	Organic phosphoric acids and derivatives	Organic acids and derivatives	Phosphate esters	74	76	LORSVOJSXMHDHF-UHFFFAOYSA-N	CC(C)(C)C1=CC=C(OP(=O)(OC2=CC=C(C=C2)C(C)(C)C)OC2=CC=C(C=C2)C(C)(C)C)C=C1	False	False	False	False	False	True	False	9	0	0.67534	0.64539	C,H,O,P
Tris(1,3-dichloro-2-propyl)phosphate	Tris(1,3-dichloro-2-propyl)phosphate	0.0486677024899461	3	very_poor	Tris(1,3-dichloro-2-propyl)phosphate	Organic phosphoric acids and derivatives	Organic acids and derivatives	Phosphate esters	35	34	ASLWPAWFJZFCKF-UHFFFAOYSA-N	ClCC(CCl)OP(=O)(OC(CCl)CCl)OC(CCl)CCl	True	True	False	False	False	True	False	12	0	0.57758	0.75772	C,Cl,H,O,P
Tri-o-cresyl phosphate	Tri-o-cresyl phosphate	0.2720042553864656	16	very_poor	Tri-o-cresyl phosphate	Organic phosphoric acids and derivatives	Organic acids and derivatives	Phosphate esters	47	49	YSMRWXYRXBRSND-UHFFFAOYSA-N	CC1=C(OP(=O)(OC2=C(C)C=CC=C2)OC2=C(C)C=CC=C2)C=CC=C1	False	False	False	False	False	True	False	6	0	0.65645	0.55101	C,H,O,P
Tri-m-cresyl phosphate	Tri-m-cresyl phosphate	0.3865371683749279	16	very_poor	Tri-m-cresyl phosphate	Organic phosphoric acids and derivatives	Organic acids and derivatives	Phosphate esters	47	49	RMLPZKRPSQVRAB-UHFFFAOYSA-N	CC1=CC=CC(OP(=O)(OC2=CC(C)=CC=C2)OC2=CC(C)=CC=C2)=C1	False	False	False	False	False	True	False	6	0	0.63799	0.59817	C,H,O,P
Tri-p-cresyl-phosphate	Tri-p-cresyl-phosphate	0.3539649687133504	12	very_poor	Tri-p-cresyl-phosphate	Organic phosphoric acids and derivatives	Organic acids and derivatives	Phosphate esters	47	49	BOSMZFBHAYFUBJ-UHFFFAOYSA-N	CC1=CC=C(OP(=O)(OC2=CC=C(C)C=C2)OC2=CC=C(C)C=C2)C=C1	False	False	False	False	False	True	False	6	0	0.59634	0.59817	C,H,O,P
Isodecyl diphenyl phosphate	Isodecyl diphenyl phosphate	0.0233522228112741	4	very_poor	Isodecyl diphenyl phosphate	Organic phosphoric acids and derivatives	Organic acids and derivatives	Phosphate esters	58	59	RYUJRXVZSJCHDZ-UHFFFAOYSA-N	CC(C)CCCCCCCOP(=O)(OC1=CC=CC=C1)OC1=CC=CC=C1	False	False	False	False	False	True	False	13	0	0.59188	0.62995	C,H,O,P
Tris(isopropylphenyl)phosphate	Tris(isopropylphenyl)phosphate	0.0899767144738189	13	very_poor	Tris(isopropylphenyl)phosphate	Organic phosphoric acids and derivatives	Organic acids and derivatives	Phosphate esters	65	67	LIPMRGQQBZJCTM-UHFFFAOYSA-N	CC(C)C1=CC=CC=C1OP(=O)(OC1=CC=CC=C1C(C)C)OC1=CC=CC=C1C(C)C	False	False	False	False	False	True	False	9	0	0.74264	0.54322	C,H,O,P
Tris(3,5-xylenyl)phosphate	Tris(3,5-xylenyl)phosphate	0.3327195074931084	19	very_poor	Tris(3,5-xylenyl)phosphate	Organic phosphoric acids and derivatives	Organic acids and derivatives	Phosphate esters	56	58	LLPMAOBOEQFPRE-UHFFFAOYSA-N	CC1=CC(OP(=O)(OC2=CC(C)=CC(C)=C2)OC2=CC(C)=CC(C)=C2)=CC(C)=C1	False	False	False	False	False	True	False	6	0	0.66485	0.59863	C,H,O,P
Tris(2-butoxyethyl) phosphate	Tris(2-butoxyethyl) phosphate	0.0438298114739203	6	very_poor	Tris(2-butoxyethyl) phosphate	Organic phosphoric acids and derivatives	Organic acids and derivatives	Phosphate esters	65	64	WTLBZVNBAKMVDP-UHFFFAOYSA-N	CCCCOCCOP(=O)(OCCOCCCC)OCCOCCCC	False	False	False	False	False	True	False	21	0	0.44793	0.79323	C,H,O,P
Tris(2-chloroethyl) phosphate	Tris(2-chloroethyl) phosphate	0.0563179522776408	7	very_poor	Tris(2-chloroethyl) phosphate	Organic phosphoric acids and derivatives	Organic acids and derivatives	Phosphate esters	26	25	HQUQLFOMPYWACS-UHFFFAOYSA-N	ClCCOP(=O)(OCCCl)OCCCl	True	True	False	False	False	True	False	9	0	0.50742	0.84778	C,Cl,H,O,P
Tris(1-chloro-2-propyl) phosphate	Tris(1-chloro-2-propyl) phosphate	0.0017715094965282	3	very_poor	Tris(1-chloro-2-propyl) phosphate	Organic phosphoric acids and derivatives	Organic acids and derivatives	Phosphate esters	35	34	KVMPUXDNESXNOH-UHFFFAOYSA-N	CC(CCl)OP(=O)(OC(C)CCl)OC(C)CCl	True	True	False	False	False	True	False	9	3	0.54381	0.75918	C,Cl,H,O,P
Tris(2-ethylhexyl) phosphate	Tris(2-ethylhexyl) phosphate	0.0155283070774604	2	very_poor	Tris(2-ethylhexyl) phosphate	Organic phosphoric acids and derivatives	Organic acids and derivatives	Phosphate esters	80	79	GTVWRXDRKAHEAD-UHFFFAOYSA-N	CCCCC(CC)COP(=O)(OCC(CC)CCCC)OCC(CC)CCCC	False	False	False	False	False	True	False	21	3	0.53395	0.82322	C,H,O,P
Triphenyl phosphate	Triphenyl phosphate	0.2519418645136176	7	very_poor	Triphenyl phosphate	Organic phosphoric acids and derivatives	Organic acids and derivatives	Phosphate esters	38	40	XZZNDPSIHUTMOC-UHFFFAOYSA-N	O=P(OC1=CC=CC=C1)(OC1=CC=CC=C1)OC1=CC=CC=C1	False	False	False	False	False	True	False	6	0	0.5406	0.59757	C,H,O,P
Diazinone	Diazinone	0.007548204413629	2	very_poor	Diazinone	Organic thiophosphoric acids and derivatives	Organic acids and derivatives	Thiophosphoric acid esters	40	40	FHIVAFMUCKRCQO-UHFFFAOYSA-N	CCOP(=S)(OCC)OC1=NC(=NC(C)=C1)C(C)C	False	False	False	False	True	True	False	7	0	0.69203	0.59744	C,H,N,O,P,S
Dimethachlor	Dimethachlor	0.0967510950953751	22	very_poor	Dimethachlor	Benzene and substituted derivatives	Benzenoids	Anilides	35	35	SCCDDNKJYDZXMM-UHFFFAOYSA-N	COCCN(C(=O)CCl)C1=C(C)C=CC=C1C	True	True	False	False	False	False	False	5	0	0.68031	0.62169	C,Cl,H,N,O
Alachlor	Alachlor	0.1989699876748409	38	very_poor	Alachlor	Benzene and substituted derivatives	Benzenoids	Anilides	38	38	XCSGPAVHZFQHGE-UHFFFAOYSA-N	CCC1=CC=CC(CC)=C1N(COC)C(=O)CCl	True	True	False	False	False	False	False	6	0	0.71581	0.6227	C,Cl,H,N,O
Chlorpyrifos	Chlorpyrifos	0.0254577031939625	15	very_poor	Chlorpyrifos	Organic thiophosphoric acids and derivatives	Organic acids and derivatives	Thiophosphoric acid esters	29	29	SBPBAQFWLVIOKP-UHFFFAOYSA-N	CCOP(=S)(OCC)OC1=NC(Cl)=C(Cl)C=C1Cl	True	True	False	False	True	True	False	6	0	0.71389	0.58576	C,Cl,H,N,O,P,S
Malathion	Malathion	0.3874077613674948	12	very_poor	Malathion	Fatty Acyls	Lipids and lipid-like molecules	Fatty acid esters	38	37	JXSJBGJIGXNWCI-UHFFFAOYSA-N	CCOC(=O)CC(SP(=S)(OC)OC)C(=O)OCC	False	False	False	False	True	True	False	11	1	0.65353	0.69947	C,H,O,P,S
Metolachlor	Metolachlor	0.075164259795274	27	very_poor	Metolachlor	Benzene and substituted derivatives	Benzenoids	Anilides	41	41	WVQBLGZPHOPPFO-UHFFFAOYSA-N	CCC1=C(N(C(C)COC)C(=O)CCl)C(C)=CC=C1	True	True	False	False	False	False	False	6	1	0.74185	0.64662	C,Cl,H,N,O
Methyl parathion	Methyl parathion	0.2031733061258092	15	very_poor	Methyl parathion	Organic thiophosphoric acids and derivatives	Organic acids and derivatives	Thiophosphoric acid esters	26	26	RLBIQVVOMOPOHC-UHFFFAOYSA-N	COP(=S)(OC)OC1=CC=C(C=C1)[N+]([O-])=O	False	False	False	False	True	True	False	5	0	0.56446	0.64127	C,H,N,O,P,S
Pendimethalin	Pendimethalin	0.1997136201378345	45	very_poor	Pendimethalin	Benzene and substituted derivatives	Benzenoids	Aniline and substituted anilines	39	39	CHIFOSRWCNZCFN-UHFFFAOYSA-N	CCC(CC)NC1=C(C(C)=C(C)C=C1[N+]([O-])=O)[N+]([O-])=O	False	False	False	False	False	False	False	6	0	0.84127	0.65131	C,H,N,O
Terbufos	Terbufos	0.2334522750961613	3	very_poor	Terbufos	Organic dithiophosphoric acids and derivatives	Organic acids and derivatives	Dithiophosphate O-esters	36	35	XLNZEKHULJKQBA-UHFFFAOYSA-N	CCOP(=S)(OCC)SCSC(C)(C)C	False	False	False	False	True	True	False	8	0	0.42796	0.77307	C,H,O,P,S
Trifluralin	Trifluralin	0.0765546245856748	29	very_poor	Trifluralin	Benzene and substituted derivatives	Benzenoids	Aniline and substituted anilines	39	39	ZSDSQXJSNMTJDA-UHFFFAOYSA-N	CCCN(CCC)C1=C(C=C(C=C1[N+]([O-])=O)C(F)(F)F)[N+]([O-])=O	True	False	False	True	False	False	False	8	0	0.81096	0.68672	C,F,H,N,O
2,2',3,4,4',5',6-Heptabromodiphenyl ether	2,2',3,4,4',5',6-Heptabromodiphenyl ether	0.310681856782292	52	very_poor	2,2',3,4,4',5',6-Heptabromodiphenyl ether	Benzene and substituted derivatives	Benzenoids	Diphenylethers	23	24	ILPSCQCLBHQUEM-UHFFFAOYSA-N	BrC1=CC(Br)=C(OC2=C(Br)C=C(Br)C(Br)=C2Br)C=C1Br	True	False	True	False	False	False	False	2	0	0.78878	0.47499	Br,C,H,O
Praziquantel	Praziquantel	0.0415042024275216	12	very_poor	Praziquantel	Tetrahydroisoquinolines	Organoheterocyclic compounds		47	50	FSVJFNAIGNNGKK-UHFFFAOYSA-N	O=C(C1CCCCC1)N1CC2N(CCC3=C2C=CC=C3)C(=O)C1	False	False	False	False	False	False	False	1	1	0.85157	0.28817	C,H,N,O
Isocarbophos	Isocarbophos	0.2314571886027156	19	very_poor	Isocarbophos	Benzene and substituted derivatives	Benzenoids	Benzoic acids and derivatives	34	34	YFVOXLJXJBQDEF-UHFFFAOYSA-N	COP(N)(=S)OC1=C(C=CC=C1)C(=O)OC(C)C	False	False	False	False	True	True	False	6	1	0.72049	0.51243	C,H,N,O,P,S
Acephate	Acephate	0.1021150299864112	3	very_poor	Acephate	Organothiophosphorus compounds	Organophosphorus compounds		20	19	YASYVMFAVPKPKE-UHFFFAOYSA-N	COP(=O)(NC(C)=O)SC	False	False	False	False	True	True	False	2	1	0.74893	0.851	C,H,N,O,P,S
Carbaryl	Carbaryl	0.262339459481638	9	very_poor	Carbaryl	Naphthalenes	Benzenoids		26	27	CVXBEEMKQHEXEN-UHFFFAOYSA-N	CNC(=O)OC1=C2C=CC=CC2=CC=C1	False	False	False	False	False	False	False	2	0	0.64441	0.048625	C,H,N,O
Mevinphos	Mevinphos	0.104713004236791	4	very_poor	Mevinphos	Fatty Acyls	Lipids and lipid-like molecules	Fatty acid esters	27	26	GEPDYQSQVLXLEU-AATRIKPKSA-N	COC(=O)\C=C(/C)OP(=O)(OC)OC	False	False	False	False	False	True	False	6	0	0.55537	0.73262	C,H,O,P
Dicrotophos	Dicrotophos	0.0532633545832346	6	very_poor	Dicrotophos	Organic phosphoric acids and derivatives	Organic acids and derivatives	Phosphate esters	31	30	VEENJGZXVHKXNB-VOTSOKGWSA-N	COP(=O)(OC)O\C(C)=C\C(=O)N(C)C	False	False	False	False	False	True	False	5	0	0.51193	0.76269	C,H,N,O,P
Monocrotophos	Monocrotophos	0.0715575123171377	3	very_poor	Monocrotophos	Organic phosphoric acids and derivatives	Organic acids and derivatives	Phosphate esters	28	27	KRTSDMXIXPKRQR-AATRIKPKSA-N	CNC(=O)\C=C(/C)OP(=O)(OC)OC	False	False	False	False	False	True	False	5	0	0.55537	0.74532	C,H,N,O,P
Vamidothion	Vamidothion	0.101997892648759	9	very_poor	Vamidothion	Carboxylic acids and derivatives	Organic acids and derivatives	Carboxylic acid derivatives	34	33	LESVOLZBIFDZGS-UHFFFAOYSA-N	CNC(=O)C(C)SCCSP(=O)(OC)OC	False	False	False	False	True	True	False	8	1	0.44158	0.78523	C,H,N,O,P,S
Temephos	Temephos	0.2779263265577668	8	very_poor	Temephos	Organic thiophosphoric acids and derivatives	Organic acids and derivatives	Thiophosphoric acid esters	47	48	WWJZWCUNLNYYAU-UHFFFAOYSA-N	COP(=S)(OC)OC1=CC=C(SC2=CC=C(OP(=S)(OC)OC)C=C2)C=C1	False	False	False	False	True	True	False	10	0	0.68393	0.69505	C,H,O,P,S
Ethiofencarb	Ethiofencarb	0.1372936922677424	11	very_poor	Ethiofencarb	Benzene and substituted derivatives	Benzenoids	Phenyl methylcarbamates	30	30	HEZNVIYQEUHLNI-UHFFFAOYSA-N	CCSCC1=C(OC(=O)NC)C=CC=C1	False	False	False	False	True	False	False	5	0	0.62778	0.44631	C,H,N,O,S
Methabenzthiazuron	Methabenzthiazuron	0.2985076659550469	12	very_poor	Methabenzthiazuron	Benzothiazoles	Organoheterocyclic compounds		26	27	RRVIAQKBTUQODI-UHFFFAOYSA-N	CNC(=O)N(C)C1=NC2=C(S1)C=CC=C2	False	False	False	False	True	False	False	1	0	0.70492	0.4219	C,H,N,O,S
Methiocarb	Methiocarb	0.2024427592413769	11	very_poor	Methiocarb	Benzene and substituted derivatives	Benzenoids	Phenoxy compounds	30	30	YFBPRJGDJKVWAH-UHFFFAOYSA-N	CNC(=O)OC1=CC(C)=C(SC)C(C)=C1	False	False	False	False	True	False	False	3	0	0.63799	0.37996	C,H,N,O,S
Tebuthiuron	Tebuthiuron	0.0837820501954491	6	very_poor	Tebuthiuron	Azoles	Organoheterocyclic compounds	Thiadiazoles	31	31	HBPDKDSFLXWOAE-UHFFFAOYSA-N	CNC(=O)N(C)C1=NN=C(S1)C(C)(C)C	False	False	False	False	True	False	False	2	0	0.63962	0.62017	C,H,N,O,S
Iprovalicarb	Iprovalicarb isomer 2	0.3480211617806831	14	very_poor	Iprovalicarb	Benzene and substituted derivatives	Benzenoids	Toluenes	51	51	NWUWYYSKZYIQAE-WMCAAGNKSA-N	CC(C)OC(=O)N[C@@H](C(C)C)C(=O)NC(C)C1=CC=C(C)C=C1	False	False	False	False	False	False	False	7	2	0.66348	0.54631	C,H,N,O
Propham	Propham	0.2789357151391125	9	very_poor	Propham	Benzene and substituted derivatives	Benzenoids	Phenylcarbamic acid esters	26	26	VXPLXMJHHKHSOA-UHFFFAOYSA-N	CC(C)OC(=O)NC1=CC=CC=C1	False	False	False	False	False	False	False	3	0	0.49929	0.4518	C,H,N,O
Propoxur	Propoxur	0.0132489674159333	3	very_poor	Propoxur	Phenol ethers	Benzenoids		30	30	ISRUGXGCCGIOQO-UHFFFAOYSA-N	CNC(=O)OC1=CC=CC=C1OC(C)C	False	False	False	False	False	False	False	4	0	0.61868	0.14015	C,H,N,O
Pyraclostrobin	Pyraclostrobin	0.2723210987672954	15	very_poor	Pyraclostrobin	Azoles	Organoheterocyclic compounds	Pyrazoles	45	47	HZRSNVGNWUDEFX-UHFFFAOYSA-N	CON(C(=O)OC)C1=C(COC2=NN(C=C2)C2=CC=C(Cl)C=C2)C=CC=C1	True	True	False	False	False	False	False	7	0	0.81339	0.50118	C,Cl,H,N,O
Isoprocarb	Isoprocarb	0.0661746907768167	8	very_poor	Isoprocarb	Benzene and substituted derivatives	Benzenoids	Cumenes	29	29	QBSJMKIUCUGGNG-UHFFFAOYSA-N	CNC(=O)OC1=C(C=CC=C1)C(C)C	False	False	False	False	False	False	False	3	0	0.60487	0.10011	C,H,N,O
Siduron	Siduron	0.1388159224013895	4	very_poor	Siduron	Benzene and substituted derivatives	Benzenoids	N-phenylureas	37	38	JXVIIQLNUPXOII-UHFFFAOYSA-N	CC1CCCCC1NC(=O)NC1=CC=CC=C1	False	False	False	False	False	False	False	2	2	0.56718	0.49206	C,H,N,O
Bendiocarb	Bendiocarb	0.1140720269689972	8	very_poor	Bendiocarb	Benzodioxoles	Organoheterocyclic compounds		29	30	XEGGRYVFLWGFHI-UHFFFAOYSA-N	CNC(=O)OC1=CC=CC2=C1OC(C)(C)O2	False	False	False	False	False	False	False	2	0	0.76921	0.048475	C,H,N,O
Bifenazate	Bifenazate	0.3395459970444688	40	very_poor	Bifenazate	Benzene and substituted derivatives	Benzenoids	Biphenyls and derivatives	42	43	VHLKTXFWDRXILV-UHFFFAOYSA-N	COC1=C(NNC(=O)OC(C)C)C=C(C=C1)C1=CC=CC=C1	False	False	False	False	False	False	False	6	0	0.71863	0.37076	C,H,N,O
Carbofuran	Carbofuran	0.154922898512904	13	very_poor	Carbofuran	Coumarans	Organoheterocyclic compounds		31	32	DUEPRVBVGDRKAG-UHFFFAOYSA-N	CNC(=O)OC1=CC=CC2=C1OC(C)(C)C2	False	False	False	False	False	False	False	2	0	0.75619	0.048475	C,H,N,O
Cycluron	Cycluron	0.1846731495070747	6	very_poor	Cycluron	Organic carbonic acids and derivatives	Organic acids and derivatives	Ureas	36	36	DQZCVNGCTZLGAQ-UHFFFAOYSA-N	CN(C)C(=O)NC1CCCCCCC1	False	False	False	False	False	False	False	1	0	0.47083	0.54273	C,H,N,O
Diethofencarb	Diethofencarb	0.3598261200393535	18	very_poor	Diethofencarb	Benzene and substituted derivatives	Benzenoids	Phenylcarbamic acid esters	40	40	LNJNFVJKDJYTEU-UHFFFAOYSA-N	CCOC1=CC=C(NC(=O)OC(C)C)C=C1OCC	False	False	False	False	False	False	False	7	0	0.6766	0.40262	C,H,N,O
Fenobucarb	Fenobucarb	0.0697813907735507	9	very_poor	Fenobucarb	Benzene and substituted derivatives	Benzenoids	Phenyl methylcarbamates	32	32	DIRFUJHNVNOBMY-UHFFFAOYSA-N	CCC(C)C1=CC=CC=C1OC(=O)NC	False	False	False	False	False	False	False	4	1	0.63962	0.17201	C,H,N,O
Promecarb	Promecarb	0.0963363454652153	12	very_poor	Promecarb	Benzene and substituted derivatives	Benzenoids	Phenyl methylcarbamates	32	32	DTAPQAJKAFRNJB-UHFFFAOYSA-N	CNC(=O)OC1=CC(=CC(C)=C1)C(C)C	False	False	False	False	False	False	False	3	0	0.60067	0.41501	C,H,N,O
Fenoxycarb	Fenoxycarb	0.0766350342414153	13	very_poor	Fenoxycarb	Benzene and substituted derivatives	Benzenoids	Diphenylethers	41	42	HJUFTIJOISQSKQ-UHFFFAOYSA-N	CCOC(=O)NCCOC1=CC=C(OC2=CC=CC=C2)C=C1	False	False	False	False	False	False	False	8	0	0.58727	0.58073	C,H,N,O
Indoxacarb	Indoxacarb	0.3091732724669483	40	very_poor	Indoxacarb	Benzene and substituted derivatives	Benzenoids	Phenylcarbamic acid esters	53	56	VBCVPMMZEGZULK-NRFANRHFSA-N	COC(=O)N(C(=O)N1CO[C@]2(CC3=C(C=CC(Cl)=C3)C2=N1)C(=O)OC)C1=CC=C(OC(F)(F)F)C=C1	True	True	False	True	False	False	False	6	1	0.98262	0.45204	C,Cl,F,H,N,O
Azoxystrobin	Azoxystrobin	0.0832256882779464	23	very_poor	Azoxystrobin	Benzene and substituted derivatives	Benzenoids	Phenyl-beta-methoxyacrylates	47	49	WFDXOXNFNRHQEC-GHRIWEEISA-N	CO\C=C(\C(=O)OC)C1=CC=CC=C1OC1=CC(OC2=CC=CC=C2C#N)=NC=N1	False	False	False	False	False	False	False	8	0	0.82887	0.49569	C,H,N,O
Benalaxyl	Benalaxyl	0.1907953724879653	15	very_poor	Benalaxyl	Carboxylic acids and derivatives	Organic acids and derivatives	Amino acids, peptides, and analogues	47	48	CJPQIRJHIZUAQP-UHFFFAOYSA-N	COC(=O)C(C)N(C(=O)CC1=CC=CC=C1)C1=C(C)C=CC=C1C	False	False	False	False	False	False	False	6	1	0.78235	0.58828	C,H,N,O
Benzoximate	Benzoximate	0.0033781364523796	3	very_poor	Benzoximate	Benzene and substituted derivatives	Benzenoids	Benzyloxycarbonyls	43	44	BZMIHNKNQJJVRO-UHFFFAOYSA-N	CCON=C(OC(=O)C1=CC=CC=C1)C1=C(OC)C=CC(Cl)=C1OC	True	True	False	False	False	False	False	8	0	0.84127	0.37133	C,Cl,H,N,O
Carbetamide	Carbetamide	0.1653616818739754	9	very_poor	Carbetamide	Benzene and substituted derivatives	Benzenoids	Phenylcarbamic acid esters	33	33	AMRQXHFXNZFDCH-UHFFFAOYSA-N	CCNC(=O)C(C)OC(=O)NC1=CC=CC=C1	False	False	False	False	False	False	False	5	1	0.54381	0.46267	C,H,N,O
Carfentrazone-ethyl	Carfentrazone-ethyl	0.1007781225383246	36	very_poor	Carfentrazone-ethyl	Azoles	Organoheterocyclic compounds	Triazoles	40	41	MLKCGVHIFJBRCD-UHFFFAOYSA-N	CCOC(=O)C(Cl)CC1=C(Cl)C=C(F)C(=C1)N1N=C(C)N(C(F)F)C1=O	True	True	False	True	False	False	False	7	1	0.87115	0.55032	C,Cl,F,H,N,O
Fenhexamid	Fenhexamid	0.3849743336109443	18	very_poor	Fenhexamid	Benzene and substituted derivatives	Benzenoids	Anilides	36	37	VDLGAVXLJYLFDH-UHFFFAOYSA-N	CC1(CCCCC1)C(=O)NC1=C(Cl)C(Cl)=C(O)C=C1	True	True	False	False	False	False	False	2	0	0.72591	0.43711	C,Cl,H,N,O
Metalaxyl	Metalaxyl	0.1608136755229365	29	very_poor	Metalaxyl	Carboxylic acids and derivatives	Organic acids and derivatives	Amino acids, peptides, and analogues	41	41	ZQEIXNIJLIKNTD-UHFFFAOYSA-N	COCC(=O)N(C(C)C(=O)OC)C1=C(C)C=CC=C1C	False	False	False	False	False	False	False	6	1	0.76455	0.60823	C,H,N,O
Myclobutanil	Myclobutanil	0.1633480181409979	34	very_poor	Myclobutanil	Benzene and substituted derivatives	Benzenoids	Halobenzenes	37	38	HZJKXKUJVSEEFU-UHFFFAOYSA-N	CCCCC(CN1C=NC=N1)(C#N)C1=CC=C(Cl)C=C1	True	True	False	False	False	False	False	6	1	0.78175	0.5721	C,Cl,H,N
Oxadixyl	Oxadixyl	0.16061655446502	18	very_poor	Oxadixyl	Benzene and substituted derivatives	Benzenoids	Anilides	38	39	UWVQIROCRJWDKL-UHFFFAOYSA-N	COCC(=O)N(N1CCOC1=O)C1=C(C)C=CC=C1C	False	False	False	False	False	False	False	4	0	0.79764	0.49252	C,H,N,O
Picoxystrobin	Picoxystrobin	0.2186119646952953	30	very_poor	Picoxystrobin	Benzene and substituted derivatives	Benzenoids	Phenyl-beta-methoxyacrylates	42	43	IBSNKSODLGJUMQ-SDNWHVSQSA-N	CO\C=C(\C(=O)OC)C1=C(COC2=NC(=CC=C2)C(F)(F)F)C=CC=C1	True	False	False	True	False	False	False	8	0	0.808	0.49449	C,F,H,N,O
Piperonyl butoxide	Piperonyl butoxide	0.0507671469027992	17	very_poor	Piperonyl butoxide	Benzodioxoles	Organoheterocyclic compounds		54	55	FIPWRIJSWJWJAI-UHFFFAOYSA-N	CCCCOCCOCCOCC1=CC2=C(OCO2)C=C1CCC	False	False	False	False	False	False	False	13	0	0.74577	0.60473	C,H,O
Pyriproxyfen	Pyriproxyfen	0.1447181585148485	10	very_poor	Pyriproxyfen	Benzene and substituted derivatives	Benzenoids	Diphenylethers	43	45	NHDHVHZZCFYRSB-UHFFFAOYSA-N	CC(COC1=CC=C(OC2=CC=CC=C2)C=C1)OC1=NC=CC=C1	False	False	False	False	False	False	False	7	1	0.626	0.50716	C,H,N,O
Quinoxyfen	Quinoxyfen	0.2106408826763761	25	very_poor	Quinoxyfen	Organooxygen compounds	Organic oxygen compounds	Ethers	28	30	WRPIRSINYZBGPK-UHFFFAOYSA-N	FC1=CC=C(OC2=CC=NC3=CC(Cl)=CC(Cl)=C23)C=C1	True	True	False	True	False	False	False	2	0	0.8075	0.39517	C,Cl,F,H,N,O
Secbumeton	Secbumeton	0.3308114815695661	19	very_poor	Secbumeton	Triazines	Organoheterocyclic compounds	1,3,5-triazines	35	35	ZJMZZNVGNSWOOM-UHFFFAOYSA-N	CCNC1=NC(OC)=NC(NC(C)CC)=N1	False	False	False	False	False	False	False	6	1	0.60895	0.50217	C,H,N,O
Fenazaquin	Fenazaquin	0.2602511595792119	17	very_poor	Fenazaquin	Diazanaphthalenes	Organoheterocyclic compounds	Benzodiazines	45	47	DMYHGDXADUDKCQ-UHFFFAOYSA-N	CC(C)(C)C1=CC=C(CCOC2=NC=NC3=C2C=CC=C3)C=C1	False	False	False	False	False	False	False	5	0	0.72323	0.44464	C,H,N,O
Tebufenpyrad	Tebufenpyrad	0.3957750464827033	37	very_poor	Tebufenpyrad	Benzene and substituted derivatives	Benzenoids	Phenylpropanes	47	48	ZZYSLNWGKKDOML-UHFFFAOYSA-N	CCC1=NN(C)C(C(=O)NCC2=CC=C(C=C2)C(C)(C)C)=C1Cl	True	True	False	False	False	False	False	5	0	0.75973	0.54692	C,Cl,H,N,O
Enilconazole	Enilconazole	0.1572936450800533	22	very_poor	Enilconazole	Benzene and substituted derivatives	Benzenoids	Benzylethers	33	34	PZBPKYOVPCNPJY-UHFFFAOYSA-N	ClC1=CC(Cl)=C(C=C1)C(CN1C=CN=C1)OCC=C	True	True	False	False	False	False	False	6	1	0.74264	0.39381	C,Cl,H,N,O
Acibenzolar-S-methyl	Acibenzolar-S-methyl	0.2131081343362036	16	very_poor	Acibenzolar-S-methyl	Benzothiadiazoles	Organoheterocyclic compounds		19	20	UELITFHSCLAHKR-UHFFFAOYSA-N	CSC(=O)C1=CC=CC2=C1SN=N2	False	False	False	False	True	False	False	2	0	0.73028	0.29745	C,H,N,O,S
Fenamidone	Fenamidone	0.1189132934339773	16	very_poor	Fenamidone	Carboxylic acids and derivatives	Organic acids and derivatives	Amino acids, peptides, and analogues	39	41	LMVPQMGRYSRMIW-KRWDZBQOSA-N	CSC1=N[C@](C)(C(=O)N1NC1=CC=CC=C1)C1=CC=CC=C1	False	False	False	False	True	False	False	4	1	0.82714	0.39619	C,H,N,O,S
Flufenacet	Flufenacet	0.2361409157773284	29	very_poor	Flufenacet	Benzene and substituted derivatives	Benzenoids	Anilides	37	38	IANUJLZYFUDJIH-UHFFFAOYSA-N	CC(C)N(C(=O)COC1=NN=C(S1)C(F)(F)F)C1=CC=C(F)C=C1	True	False	False	True	True	False	False	6	0	0.70075	0.53718	C,F,H,N,O,S
Mefenacet	Mefenacet	0.1923504864781831	15	very_poor	Mefenacet	Benzothiazoles	Organoheterocyclic compounds		35	37	XIGAUIHYSDTJHW-UHFFFAOYSA-N	CN(C(=O)COC1=NC2=CC=CC=C2S1)C1=CC=CC=C1	False	False	False	False	True	False	False	4	0	0.71194	0.42847	C,H,N,O,S
Methoprotryne	Methoprotryne	0.0767301357221437	15	very_poor	Methoprotryne	Triazines	Organoheterocyclic compounds	1,3,5-triazines	39	39	DDUIUBPJPOKOMV-UHFFFAOYSA-N	COCCCNC1=NC(NC(C)C)=NC(SC)=N1	False	False	False	False	True	False	False	8	0	0.61292	0.5695	C,H,N,O,S
Metribuzin	Metribuzin	0.1842403497782978	14	very_poor	Metribuzin	Thioethers	Organosulfur compounds	Aryl thioethers	28	28	FOXFZRUHNHCZPX-UHFFFAOYSA-N	CSC1=NN=C(C(=O)N1N)C(C)(C)C	False	False	False	False	True	False	False	2	0	0.68273	0.40879	C,H,N,O,S
Propargite	Propargite_isomer1	0.1106908578356099	23	very_poor	Propargite	Benzene and substituted derivatives	Benzenoids	Phenylpropanes	50	51	ZYHMJXZULPZUED-UHFFFAOYSA-N	CC(C)(C)C1=CC=C(OC2CCCCC2OS(=O)OCC#C)C=C1	False	False	False	False	True	False	False	7	3	0.69646	0.57582	C,H,O,S
Cyazofamid	Cyazofamid	0.1406403884376446	5	very_poor	Cyazofamid	Azoles	Organoheterocyclic compounds	Imidazoles	34	35	YXKMMRDKEKCERS-UHFFFAOYSA-N	CN(C)S(=O)(=O)N1C(=NC(Cl)=C1C1=CC=C(C)C=C1)C#N	True	True	False	False	True	False	False	2	0	0.83562	0.47981	C,Cl,H,N,O,S
Terbutryn	Terbutryn	0.3880667911297446	15	very_poor	Terbutryn	Triazines	Organoheterocyclic compounds	1,3,5-triazines	35	35	IROINLKCQGIITA-UHFFFAOYSA-N	CCNC1=NC(SC)=NC(NC(C)(C)C)=N1	False	False	False	False	True	False	False	5	0	0.59634	0.55984	C,H,N,S
Bitertanol	Bitertanol_isomer2	0.1366625943106489	14	very_poor	Bitertanol	Benzene and substituted derivatives	Benzenoids	Biphenyls and derivatives	48	50	VGPIBGGRCVEHQZ-UHFFFAOYSA-N	CC(C)(C)C(O)C(OC1=CC=C(C=C1)C1=CC=CC=C1)N1C=NC=N1	False	False	False	False	False	False	False	6	2	0.74343	0.54185	C,H,N,O
Bromuconazole	Bromuconazole_isomer1	0.3156660582496884	32	very_poor	Bromuconazole	Benzene and substituted derivatives	Benzenoids	Halobenzenes	32	34	HJJVPARKXDDIQD-UHFFFAOYSA-N	ClC1=CC(Cl)=C(C=C1)C1(CN2C=NC=N2)CC(Br)CO1	True	True	True	False	False	False	False	3	2	0.83479	0.44465	Br,C,Cl,H,N,O
Diclobutrazol	Diclobutrazol	0.3520824874139718	31	very_poor	Diclobutrazol	Benzene and substituted derivatives	Benzenoids	Phenethylamines	40	41	URDNHJIVMYZFRT-UHFFFAOYSA-N	CC(C)(C)C(C(CC1=C(C=C(C=C1)Cl)Cl)N2C=NC=N2)O	True	True	False	False	False	False	False	5	2	0.77811	0.5831	C,Cl,H,N,O
Difenoconazole	Difenoconazole_isomer2	0.3614636281243343	24	very_poor	Difenoconazole	Benzene and substituted derivatives	Benzenoids	Diphenylethers	44	47	BQYJATMQXGBDHF-UHFFFAOYSA-N	CC1COC(CN2C=NC=N2)(O1)C1=C(Cl)C=C(OC2=CC=C(Cl)C=C2)C=C1	True	True	False	False	False	False	False	5	2	0.85009	0.48205	C,Cl,H,N,O
Diniconazole	Diniconazole	0.360034163941457	37	very_poor	Diniconazole	Cinnamyl alcohols	Phenylpropanoids and polyketides		38	39	FBOUIAKEJMZPQG-MLPAPPSSSA-N	CC(C)(C)C(/C(=C/C1=C(C=C(C=C1)Cl)Cl)/N2C=NC=N2)O	True	True	False	False	False	False	False	4	1	0.77811	0.47543	C,Cl,H,N,O
Epoxiconazole	Epoxiconazole	0.1121875554934016	28	very_poor	Epoxiconazole	Stilbenes	Phenylpropanoids and polyketides		36	39	ZMYFCFLJBGAQRS-UHFFFAOYSA-N	FC1=CC=C(C=C1)C1(CN2C=NC=N2)OC1C1=C(Cl)C=CC=C1	True	True	False	True	False	False	False	4	2	0.86625	0.42661	C,Cl,F,H,N,O
Etoxazole	Etoxazole	0.3166546191461432	53	very_poor	Etoxazole	Benzene and substituted derivatives	Benzenoids	Phenylpropanes	49	51	IXSZQYVWNJNRAL-UHFFFAOYSA-N	CCOC1=C(C=CC(=C1)C(C)(C)C)C1COC(=N1)C1=C(F)C=CC=C1F	True	False	False	True	False	False	False	5	1	0.84323	0.40155	C,F,H,N,O
Fluquinconazole	Fluquinconazole	0.1242172170755046	20	very_poor	Fluquinconazole	Diazanaphthalenes	Organoheterocyclic compounds	Benzodiazines	33	36	IJJVMEJXYNJXOJ-UHFFFAOYSA-N	FC1=CC2=C(C=C1)N=C(N1C=NC=N1)N(C2=O)C1=C(Cl)C=C(Cl)C=C1	True	True	False	True	False	False	False	2	0	0.92681	0.27489	C,Cl,F,H,N,O
Flusilazole	Flusilazole	0.3279290688515918	16	very_poor	Flusilazole	Benzene and substituted derivatives	Benzenoids	Halobenzenes	37	39	FQKUGOMFVDPBIZ-UHFFFAOYSA-N	C[Si](CN1C=NC=N1)(C1=CC=C(F)C=C1)C1=CC=C(F)C=C1	True	False	False	True	False	False	True	4	0	0.70075	0.49914	C,F,H,N,Si
Hexaconazole	Hexaconazole	0.376862186517869	39	very_poor	Hexaconazole	Benzene and substituted derivatives	Benzenoids	Halobenzenes	37	38	STMIIPIFODONDC-UHFFFAOYSA-N	CCCCC(O)(CN1C=NC=N1)C1=CC=C(Cl)C=C1Cl	True	True	False	False	False	False	False	6	1	0.8075	0.50835	C,Cl,H,N,O
Penconazole	Penconazole	0.1385925204688171	32	very_poor	Penconazole	Benzene and substituted derivatives	Benzenoids	Halobenzenes	33	34	WKBPZYKAUNRMKP-UHFFFAOYSA-N	CCCC(CN1C=NC=N1)C1=C(Cl)C=C(Cl)C=C1	True	True	False	False	False	False	False	5	1	0.73452	0.34587	C,Cl,H,N
Tetraconazole	Tetraconazole	0.1010642292821126	25	very_poor	Tetraconazole	Benzene and substituted derivatives	Benzenoids	Halobenzenes	34	35	LQDARGUHUSPFNL-UHFFFAOYSA-N	FC(F)C(F)(F)OCC(CN1C=NC=N1)C1=C(Cl)C=C(Cl)C=C1	True	True	False	True	False	False	False	7	1	0.76387	0.45297	C,Cl,F,H,N,O
Triadimenol	Triadimenol_isomer1	0.1102503706288588	25	very_poor	Triadimenol	Phenol ethers	Benzenoids		38	39	BAZVSMNPJJMILC-UHFFFAOYSA-N	CC(C)(C)C(O)C(OC1=CC=C(Cl)C=C1)N1C=NC=N1	True	True	False	False	False	False	False	5	2	0.74025	0.58681	C,Cl,H,N,O
Triflumizole	Triflumizole	0.3301350137550055	39	very_poor	Triflumizole	Benzene and substituted derivatives	Benzenoids	Trifluoromethylbenzenes	38	39	HSMVPDGQOIQYSR-UHFFFAOYSA-N	CCCOCC(=NC1=C(C=C(C=C1)Cl)C(F)(F)F)N2C=CN=C2	True	True	False	True	False	False	False	7	0	0.75761	0.48342	C,Cl,F,H,N,O
Fenpropimorph	Fenpropimorph_isomer2	0.3217013007540023	12	very_poor	Fenpropimorph	Benzene and substituted derivatives	Benzenoids	Phenylpropanes	55	56	RYAUSSKQMZRMAI-ALOPSCKCSA-N	CC(CN1C[C@H](C)O[C@H](C)C1)CC1=CC=C(C=C1)C(C)(C)C	False	False	False	False	False	False	False	5	3	0.65353	0.63999	C,H,N,O
Spirodiclofen	Spirodiclofen	0.0313439500583982	3	very_poor	Spirodiclofen	Benzene and substituted derivatives	Benzenoids	Halobenzenes	51	53	DTDSAWVUFPGDMX-UHFFFAOYSA-N	CCC(C)(C)C(=O)OC1=C(C(=O)OC11CCCCC1)C1=CC=C(Cl)C=C1Cl	True	True	False	False	False	False	False	5	0	0.91193	0.40501	C,Cl,H,O
Spiromesifen	Spiromesifen	0.10160521310909	52	very_poor	Spiromesifen	Fatty Acyls	Lipids and lipid-like molecules	Fatty acid esters	57	59	GOLXNESZZPUPJE-UHFFFAOYSA-N	CC1=CC(C)=C(C2=C(OC(=O)CC(C)(C)C)C3(CCCC3)OC2=O)C(C)=C1	False	False	False	False	False	False	False	5	0	0.88374	0.40928	C,H,O
Spirotetramat	Spirotetramat	0.073971316809155	11	very_poor	Spirotetramat	Benzene and substituted derivatives	Benzenoids	Xylenes	54	56	CLSVJBIHYWPGQY-UHFFFAOYSA-N	CCOC(=O)OC1=C(C(=O)NC12CCC(CC2)OC)C3=C(C=CC(=C3)C)C	False	False	False	False	False	False	False	6	0	0.89773	0.35388	C,H,N,O
17-alpha-Ethynylestradiol	17-alpha-Ethynylestradiol	0.3058618977031245	49	very_poor	17-alpha-Ethynylestradiol	Steroids and steroid derivatives	Lipids and lipid-like molecules	Estrane steroids	46	49	BFPYWIDHMRZLRN-SLHNCBLASA-N	[H][C@@]12CC[C@@](O)(C#C)[C@@]1(C)CC[C@]1([H])C3=C(CC[C@@]21[H])C=C(O)C=C3	False	False	False	False	False	False	False	0	5	0.92127	0.10145	C,H,O
Bisphenol A	Bisphenol A	0.38841943943227	12	very_poor	Bisphenol A	Benzene and substituted derivatives	Benzenoids	Diphenylmethanes	33	34	IISBACLAFKSPIT-UHFFFAOYSA-N	CC(C)(C1=CC=C(O)C=C1)C1=CC=C(O)C=C1	False	False	False	False	False	False	False	2	0	0.64751	0.53067	C,H,O
Progesterone	Progesterone	0.347421147313457	63	very_poor	Progesterone	Steroids and steroid derivatives	Lipids and lipid-like molecules	Pregnane steroids	53	56	RJKFOVLPORLFTN-LEKSSAKUSA-N	[H][C@@]12CC[C@H](C(C)=O)[C@@]1(C)CC[C@@]1([H])[C@@]2([H])CCC2=CC(=O)CC[C@]12C	False	False	False	False	False	False	False	1	6	0.91289	0.20694	C,H,O
Testosterone	Testosterone	0.3545633532445171	54	very_poor	Testosterone	Steroids and steroid derivatives	Lipids and lipid-like molecules	Androstane steroids	49	52	MUMGGOZAMZWBJJ-DYKIIFRCSA-N	C[C@]12CC[C@H]3[C@@H](CCC4=CC(=O)CC[C@]34C)[C@@H]1CC[C@@H]2O	False	False	False	False	False	False	False	0	6	0.90577	0.16218	C,H,O
Benzanthracene/Benzophenanthrene	Benzanthracene/Benzophenanthrene	0.0	0	very_poor	Benzanthracene/Benzophenanthrene	Phenanthrenes and derivatives	Benzenoids	Chrysenes	30	33	WDECIBYCCFPHNR-UHFFFAOYSA-N	C1=CC2=C(C=C1)C1=C(C=C2)C2=C(C=CC=C2)C=C1	False	False	False	False	False	False	False	0	0	0.64123	0.0	C,H
Tri-n-butyl-phosphate	Tri-n-butyl-phosphate	0.0	0	very_poor	Tri-n-butyl-phosphate	Organic phosphoric acids and derivatives	Organic acids and derivatives	Phosphate esters	44	43	STCOOQWBFONSKY-UHFFFAOYSA-N	CCCCOP(=O)(OCCCC)OCCCC	False	False	False	False	False	True	False	12	0	0.37701	0.80389	C,H,O,P
Thiofanox	Thiofanox	0.0	0	very_poor	Thiofanox	Carboximidic acids and derivatives	Organic acids and derivatives		32	31	FZSVSABTBYGOQH-UHFFFAOYSA-N	CNC(=O)ON=C(CSC)C(C)(C)C	False	False	False	False	True	False	False	5	0	0.52968	0.58077	C,H,N,O,S
Chlorferone	Chlorferone	0.0	0	very_poor	Chlorferone	Coumarins and derivatives	Phenylpropanoids and polyketides	Hydroxycoumarins	21	22	ODZHLDRQCZXQFQ-UHFFFAOYSA-N	CC1=C(Cl)C(=O)OC2=C1C=CC(O)=C2	True	True	False	False	False	False	False	0	0	0.75107	0.085868	C,Cl,H,O
